,Kalman Filter,
R^2 values,Position,Velocity
M1,0.665905438,0.730535293
PMd,0.647186717,0.636809532
M1 & PMd,0.819826332,0.799235758
